{
  "": {
    "Q": 0.017543859649122806
  },
  "እስከ": {
    "Q": 0.017543859649122806
  },
  "መጋቢት": {
    "Q": 0.017543859649122806
  },
  "ዓ.ም": {
    "Q": 0.017543859649122806
  },
  "ድረስ": {
    "Q": 0.017543859649122806
  },
  "ባለው": {
    "Q": 0.017543859649122806
  },
  "ጊዜ": {
    "Q": 0.017543859649122806
  },
  "በመስቀል": {
    "Q": 0.017543859649122806
  },
  "አደባባይ": {
    "Q": 0.017543859649122806
  },
  "የመኪና": {
    "Q": 0.017543859649122806
  },
  "ማቆሚያ": {
    "Q": 0.017543859649122806
  },
  "ከ": {
    "Q": 0.017543859649122806
  },
  "ሺህ": {
    "Q": 0.017543859649122806
  },
  "በላይ": {
    "Q": 0.017543859649122806
  },
  "መኪናዎች": {
    "Q": 0.017543859649122806
  },
  "አገልግሎት": {
    "Q": 0.017543859649122806
  },
  "ማግኘታቸውን": {
    "Q": 0.017543859649122806
  },
  "የኤግዚቢሽን": {
    "Q": 0.017543859649122806
  },
  "ማዕከል": {
    "Q": 0.017543859649122806
  },
  "አስታወቀ": {
    "Q": 0.017543859649122806
  },
  "በኤግዚቢሽን": {
    "Q": 0.017543859649122806
  },
  "የመስቀል": {
    "Q": 0.017543859649122806
  },
  "ምክትል": {
    "Q": 0.017543859649122806
  },
  "ሥራ": {
    "Q": 0.017543859649122806
  },
  "አስኪያጅ": {
    "Q": 0.017543859649122806
  },
  "አቶ": {
    "Q": 0.017543859649122806
  },
  "አያሌው": {
    "Q": 0.017543859649122806
  },
  "መንገሻ": {
    "Q": 0.017543859649122806
  },
  "ለኢትዮጵያ": {
    "Q": 0.017543859649122806
  },
  "ፕሬስ": {
    "Q": 0.017543859649122806
  },
  "ድርጅት": {
    "Q": 0.017543859649122806
  },
  "እንደተናገሩት": {
    "Q": 0.017543859649122806
  },
  "በአካባቢው": {
    "Q": 0.017543859649122806
  },
  "የሚስተዋለውን": {
    "Q": 0.017543859649122806
  },
  "የተሽከርካሪ": {
    "Q": 0.017543859649122806
  },
  "ስፍራ": {
    "Q": 0.017543859649122806
  },
  "ጥበት": {
    "Q": 0.017543859649122806
  },
  "ችግርን": {
    "Q": 0.017543859649122806
  },
  "ለመፍታት": {
    "Q": 0.017543859649122806
  },
  "ታስቦ": {
    "Q": 0.017543859649122806
  },
  "የተሰራ": {
    "Q": 0.017543859649122806
  },
  "እና": {
    "Q": 0.017543859649122806
  },
  "አንድ": {
    "Q": 0.017543859649122806
  },
  "የሚደርሱ": {
    "Q": 0.017543859649122806
  },
  "ተሽከርካሪዎችን": {
    "Q": 0.017543859649122806
  },
  "የሚያስቆም": {
    "Q": 0.017543859649122806
  },
  "ባለሁለት": {
    "Q": 0.017543859649122806
  }
}